"","Datetime_UTC","Internal_temp_C","Date"
"1","05-24-2024_03:32:39",9.05,2024-05-24
"2","05-24-2024_07:32:39",8.96,2024-05-24
"3","05-24-2024_11:32:39",9.22,2024-05-24
"4","05-24-2024_15:32:39",9.13,2024-05-24
"5","05-24-2024_19:32:39",9.05,2024-05-24
"6","05-24-2024_23:32:39",9.3,2024-05-24
"7","05-25-2024_03:32:39",9.22,2024-05-25
"8","05-25-2024_07:32:39",9.13,2024-05-25
"9","05-25-2024_11:32:39",9.13,2024-05-25
"10","05-25-2024_15:32:39",9.05,2024-05-25
"11","05-25-2024_19:32:39",9.05,2024-05-25
"12","05-25-2024_23:32:39",8.88,2024-05-25
"13","05-26-2024_03:32:39",8.79,2024-05-26
"14","05-26-2024_07:32:39",8.79,2024-05-26
"15","05-26-2024_11:32:39",8.79,2024-05-26
"16","05-26-2024_15:32:39",8.96,2024-05-26
"17","05-26-2024_19:32:39",8.79,2024-05-26
"18","05-26-2024_23:32:39",8.96,2024-05-26
"19","05-27-2024_03:32:39",8.96,2024-05-27
"20","05-27-2024_07:32:39",9.05,2024-05-27
"21","05-27-2024_11:32:39",9.05,2024-05-27
"22","05-27-2024_15:32:39",9.05,2024-05-27
"23","05-27-2024_19:32:40",9.05,2024-05-27
"24","05-27-2024_23:32:40",9.05,2024-05-27
"25","05-28-2024_03:32:40",8.96,2024-05-28
"26","05-28-2024_07:32:40",9.05,2024-05-28
"27","05-28-2024_11:32:40",9.05,2024-05-28
"28","05-28-2024_15:32:40",8.96,2024-05-28
"29","05-28-2024_19:32:40",8.96,2024-05-28
"30","05-28-2024_23:32:40",8.88,2024-05-28
"31","05-29-2024_03:32:40",8.88,2024-05-29
"32","05-29-2024_07:32:40",8.96,2024-05-29
"33","05-29-2024_11:32:40",8.88,2024-05-29
"34","05-29-2024_15:32:40",8.88,2024-05-29
"35","05-29-2024_19:32:40",8.88,2024-05-29
"36","05-29-2024_23:32:40",8.96,2024-05-29
"37","05-30-2024_03:32:40",8.96,2024-05-30
"38","05-30-2024_07:32:40",8.88,2024-05-30
"39","05-30-2024_11:32:40",8.96,2024-05-30
"40","05-30-2024_15:32:40",8.88,2024-05-30
"41","05-30-2024_19:32:40",8.96,2024-05-30
"42","05-30-2024_23:32:40",8.88,2024-05-30
"43","05-31-2024_03:32:40",8.88,2024-05-31
"44","05-31-2024_07:32:40",8.79,2024-05-31
"45","05-31-2024_11:32:40",8.79,2024-05-31
"46","05-31-2024_15:32:40",8.79,2024-05-31
"47","05-31-2024_19:32:40",8.79,2024-05-31
"48","05-31-2024_23:32:40",8.79,2024-05-31
"49","06-01-2024_03:32:40",8.79,2024-06-01
"50","06-01-2024_07:32:40",8.79,2024-06-01
"51","06-01-2024_11:32:40",8.79,2024-06-01
"52","06-01-2024_15:32:40",8.79,2024-06-01
"53","06-01-2024_19:32:40",8.79,2024-06-01
"54","06-01-2024_23:32:40",8.88,2024-06-01
"55","06-02-2024_03:32:40",8.88,2024-06-02
"56","06-02-2024_07:32:40",8.88,2024-06-02
"57","06-02-2024_11:32:40",8.88,2024-06-02
"58","06-02-2024_15:32:40",8.88,2024-06-02
"59","06-02-2024_19:32:40",8.88,2024-06-02
"60","06-02-2024_23:32:40",8.88,2024-06-02
"61","06-03-2024_03:32:40",8.96,2024-06-03
"62","06-03-2024_07:32:40",8.96,2024-06-03
"63","06-03-2024_11:32:40",8.96,2024-06-03
"64","06-03-2024_15:32:40",8.96,2024-06-03
"65","06-03-2024_19:32:40",8.96,2024-06-03
"66","06-03-2024_23:32:40",9.05,2024-06-03
"67","06-04-2024_03:32:40",9.05,2024-06-04
"68","06-04-2024_07:32:40",9.05,2024-06-04
"69","06-04-2024_11:32:40",8.88,2024-06-04
"70","06-04-2024_15:32:40",8.96,2024-06-04
"71","06-04-2024_19:32:40",8.88,2024-06-04
"72","06-04-2024_23:32:40",8.88,2024-06-04
"73","06-05-2024_03:32:40",8.96,2024-06-05
"74","06-05-2024_07:32:40",8.96,2024-06-05
"75","06-05-2024_11:32:40",8.96,2024-06-05
"76","06-05-2024_15:32:40",8.96,2024-06-05
"77","06-05-2024_19:32:40",8.96,2024-06-05
"78","06-05-2024_23:32:40",8.96,2024-06-05
"79","06-06-2024_03:32:40",9.05,2024-06-06
"80","06-06-2024_07:32:40",9.05,2024-06-06
"81","06-06-2024_11:32:40",9.05,2024-06-06
"82","06-06-2024_15:32:40",9.05,2024-06-06
"83","06-06-2024_19:32:40",9.05,2024-06-06
"84","06-06-2024_23:32:40",9.13,2024-06-06
"85","06-07-2024_03:32:40",9.22,2024-06-07
"86","06-07-2024_07:32:40",9.22,2024-06-07
"87","06-07-2024_11:32:40",9.13,2024-06-07
"88","06-07-2024_15:32:40",9.13,2024-06-07
"89","06-07-2024_19:32:40",9.22,2024-06-07
"90","06-07-2024_23:32:40",9.13,2024-06-07
"91","06-08-2024_03:32:40",9.13,2024-06-08
"92","06-08-2024_07:32:40",9.22,2024-06-08
"93","06-08-2024_11:32:40",9.13,2024-06-08
"94","06-08-2024_15:32:40",9.05,2024-06-08
"95","06-08-2024_19:32:40",8.96,2024-06-08
"96","06-08-2024_23:32:41",8.96,2024-06-08
"97","06-09-2024_03:32:41",9.05,2024-06-09
"98","06-09-2024_07:32:41",9.05,2024-06-09
"99","06-09-2024_11:32:41",9.05,2024-06-09
"100","06-09-2024_15:32:41",9.05,2024-06-09
"101","06-09-2024_19:32:41",9.05,2024-06-09
"102","06-09-2024_23:32:41",9.13,2024-06-09
"103","06-10-2024_03:32:41",9.13,2024-06-10
"104","06-10-2024_07:32:41",9.13,2024-06-10
"105","06-10-2024_11:32:41",9.13,2024-06-10
"106","06-10-2024_15:32:41",8.96,2024-06-10
"107","06-10-2024_19:32:41",9.05,2024-06-10
"108","06-10-2024_23:32:41",8.96,2024-06-10
"109","06-11-2024_03:32:41",9.05,2024-06-11
"110","06-11-2024_07:32:41",9.05,2024-06-11
"111","06-11-2024_11:32:41",8.96,2024-06-11
"112","06-11-2024_15:32:41",8.96,2024-06-11
"113","06-11-2024_19:32:41",8.96,2024-06-11
"114","06-11-2024_23:32:41",9.05,2024-06-11
"115","06-12-2024_03:32:41",9.05,2024-06-12
"116","06-12-2024_07:32:41",9.05,2024-06-12
"117","06-12-2024_11:32:41",9.13,2024-06-12
"118","06-12-2024_15:32:41",8.96,2024-06-12
"119","06-12-2024_19:32:41",9.22,2024-06-12
"120","06-12-2024_23:32:41",8.96,2024-06-12
"121","06-13-2024_03:32:41",9.05,2024-06-13
"122","06-13-2024_07:32:41",9.3,2024-06-13
"123","06-13-2024_11:32:41",9.13,2024-06-13
"124","06-13-2024_15:32:41",8.96,2024-06-13
"125","06-13-2024_19:32:41",9.05,2024-06-13
"126","06-13-2024_23:32:41",9.22,2024-06-13
"127","06-14-2024_03:32:41",9.05,2024-06-14
"128","06-14-2024_07:32:41",9.39,2024-06-14
"129","06-14-2024_11:32:41",9.39,2024-06-14
"130","06-14-2024_15:32:41",9.13,2024-06-14
"131","06-14-2024_19:32:41",9.13,2024-06-14
"132","06-14-2024_23:32:41",9.3,2024-06-14
"133","06-15-2024_03:32:41",9.05,2024-06-15
"134","06-15-2024_07:32:41",9.13,2024-06-15
"135","06-15-2024_11:32:41",9.13,2024-06-15
"136","06-15-2024_15:32:41",9.05,2024-06-15
"137","06-15-2024_19:32:41",9.05,2024-06-15
"138","06-15-2024_23:32:41",8.96,2024-06-15
"139","06-16-2024_03:32:41",8.88,2024-06-16
"140","06-16-2024_07:32:41",8.96,2024-06-16
"141","06-16-2024_11:32:41",8.88,2024-06-16
"142","06-16-2024_15:32:41",9.05,2024-06-16
"143","06-16-2024_19:32:41",8.96,2024-06-16
"144","06-16-2024_23:32:41",8.96,2024-06-16
"145","06-17-2024_03:32:41",8.96,2024-06-17
"146","06-17-2024_07:32:41",8.96,2024-06-17
"147","06-17-2024_11:32:41",8.96,2024-06-17
"148","06-17-2024_15:32:41",8.96,2024-06-17
"149","06-17-2024_19:32:41",8.96,2024-06-17
"150","06-17-2024_23:32:41",8.96,2024-06-17
"151","06-18-2024_03:32:41",9.05,2024-06-18
"152","06-18-2024_07:32:41",8.96,2024-06-18
"153","06-18-2024_11:32:41",8.96,2024-06-18
"154","06-18-2024_15:32:41",8.96,2024-06-18
"155","06-18-2024_19:32:41",8.96,2024-06-18
"156","06-18-2024_23:32:41",8.96,2024-06-18
"157","06-19-2024_03:32:41",8.96,2024-06-19
"158","06-19-2024_07:32:41",8.96,2024-06-19
"159","06-19-2024_11:32:41",8.96,2024-06-19
"160","06-19-2024_15:32:41",8.96,2024-06-19
"161","06-19-2024_19:32:41",8.96,2024-06-19
"162","06-19-2024_23:32:41",8.96,2024-06-19
"163","06-20-2024_03:32:41",8.96,2024-06-20
"164","06-20-2024_07:32:41",8.96,2024-06-20
"165","06-20-2024_11:32:42",8.96,2024-06-20
"166","06-20-2024_15:32:42",8.88,2024-06-20
"167","06-20-2024_19:32:42",8.88,2024-06-20
"168","06-20-2024_23:32:42",8.79,2024-06-20
"169","06-21-2024_03:32:42",8.79,2024-06-21
"170","06-21-2024_07:32:42",8.79,2024-06-21
"171","06-21-2024_11:32:42",8.88,2024-06-21
"172","06-21-2024_15:32:42",8.88,2024-06-21
"173","06-21-2024_19:32:42",8.88,2024-06-21
"174","06-21-2024_23:32:42",9.13,2024-06-21
"175","06-22-2024_03:32:42",9.22,2024-06-22
"176","06-22-2024_07:32:42",9.13,2024-06-22
"177","06-22-2024_11:32:42",9.13,2024-06-22
"178","06-22-2024_15:32:42",9.13,2024-06-22
"179","06-22-2024_19:32:42",9.05,2024-06-22
"180","06-22-2024_23:32:42",8.96,2024-06-22
"181","06-23-2024_03:32:42",9.05,2024-06-23
"182","06-23-2024_07:32:42",8.96,2024-06-23
"183","06-23-2024_11:32:42",9.05,2024-06-23
"184","06-23-2024_15:32:42",9.13,2024-06-23
"185","06-23-2024_19:32:42",8.96,2024-06-23
"186","06-23-2024_23:32:42",9.05,2024-06-23
"187","06-24-2024_03:32:42",9.13,2024-06-24
"188","06-24-2024_07:32:42",9.13,2024-06-24
"189","06-24-2024_11:32:42",9.13,2024-06-24
"190","06-24-2024_15:32:42",9.47,2024-06-24
"191","06-24-2024_19:32:42",9.39,2024-06-24
"192","06-24-2024_23:32:42",9.05,2024-06-24
"193","06-25-2024_03:32:42",8.79,2024-06-25
"194","06-25-2024_07:32:42",8.37,2024-06-25
"195","06-25-2024_11:32:42",8.2,2024-06-25
"196","06-25-2024_15:32:42",7.68,2024-06-25
"197","06-25-2024_19:32:42",7.42,2024-06-25
"198","06-25-2024_23:32:42",7.42,2024-06-25
"199","06-26-2024_03:32:42",7.6,2024-06-26
"200","06-26-2024_07:32:42",7.6,2024-06-26
"201","06-26-2024_11:32:42",7.68,2024-06-26
"202","06-26-2024_15:32:42",7.77,2024-06-26
"203","06-26-2024_19:32:42",7.77,2024-06-26
"204","06-26-2024_23:32:42",7.77,2024-06-26
"205","06-27-2024_03:32:42",7.85,2024-06-27
"206","06-27-2024_07:32:42",7.85,2024-06-27
"207","06-27-2024_11:32:42",7.85,2024-06-27
"208","06-27-2024_15:32:42",7.77,2024-06-27
"209","06-27-2024_19:32:42",7.77,2024-06-27
"210","06-27-2024_23:32:42",7.77,2024-06-27
"211","06-28-2024_03:32:42",7.85,2024-06-28
"212","06-28-2024_07:32:42",7.85,2024-06-28
"213","06-28-2024_11:32:42",7.77,2024-06-28
"214","06-28-2024_15:32:42",7.85,2024-06-28
"215","06-28-2024_19:32:42",7.77,2024-06-28
"216","06-28-2024_23:32:42",7.68,2024-06-28
"217","06-29-2024_03:32:42",7.68,2024-06-29
"218","06-29-2024_07:32:42",7.68,2024-06-29
"219","06-29-2024_11:32:42",7.85,2024-06-29
"220","06-29-2024_15:32:42",7.85,2024-06-29
"221","06-29-2024_19:32:42",7.85,2024-06-29
"222","06-29-2024_23:32:42",8.03,2024-06-29
"223","06-30-2024_03:32:42",7.94,2024-06-30
"224","06-30-2024_07:32:42",7.94,2024-06-30
"225","06-30-2024_11:32:42",7.94,2024-06-30
"226","06-30-2024_15:32:42",7.85,2024-06-30
"227","06-30-2024_19:32:42",7.77,2024-06-30
"228","06-30-2024_23:32:42",7.77,2024-06-30
"229","07-01-2024_03:32:42",7.94,2024-07-01
"230","07-01-2024_07:32:42",7.68,2024-07-01
"231","07-01-2024_11:32:42",7.77,2024-07-01
"232","07-01-2024_15:32:42",8.03,2024-07-01
"233","07-01-2024_19:32:42",8.2,2024-07-01
"234","07-01-2024_23:32:42",8.88,2024-07-01
"235","07-02-2024_03:32:42",9.56,2024-07-02
"236","07-02-2024_07:32:43",9.47,2024-07-02
"237","07-02-2024_11:32:43",8.96,2024-07-02
"238","07-02-2024_15:32:43",8.11,2024-07-02
"239","07-02-2024_19:32:43",8.2,2024-07-02
"240","07-02-2024_23:32:43",8.28,2024-07-02
"241","07-03-2024_03:32:43",8.54,2024-07-03
"242","07-03-2024_07:32:43",8.54,2024-07-03
"243","07-03-2024_11:32:43",8.62,2024-07-03
"244","07-03-2024_15:32:43",9.13,2024-07-03
"245","07-03-2024_19:32:43",8.96,2024-07-03
"246","07-03-2024_23:32:43",8.88,2024-07-03
"247","07-04-2024_03:32:43",9.13,2024-07-04
"248","07-04-2024_07:32:43",9.13,2024-07-04
"249","07-04-2024_11:32:43",9.13,2024-07-04
"250","07-04-2024_15:32:43",9.3,2024-07-04
"251","07-04-2024_19:32:43",9.13,2024-07-04
"252","07-04-2024_23:32:43",9.13,2024-07-04
"253","07-05-2024_03:32:43",9.39,2024-07-05
"254","07-05-2024_07:32:43",9.3,2024-07-05
"255","07-05-2024_11:32:43",8.96,2024-07-05
"256","07-05-2024_15:32:43",9.13,2024-07-05
"257","07-05-2024_19:32:43",8.96,2024-07-05
"258","07-05-2024_23:32:43",9.13,2024-07-05
"259","07-06-2024_03:32:43",9.05,2024-07-06
"260","07-06-2024_07:32:43",8.96,2024-07-06
"261","07-06-2024_11:32:43",8.79,2024-07-06
"262","07-06-2024_15:32:43",8.79,2024-07-06
"263","07-06-2024_19:32:43",8.88,2024-07-06
"264","07-06-2024_23:32:43",8.96,2024-07-06
"265","07-07-2024_03:32:43",8.96,2024-07-07
"266","07-07-2024_07:32:43",8.96,2024-07-07
"267","07-07-2024_11:32:43",8.71,2024-07-07
"268","07-07-2024_15:32:43",8.54,2024-07-07
"269","07-07-2024_19:32:43",7.94,2024-07-07
"270","07-07-2024_23:32:43",7.85,2024-07-07
"271","07-08-2024_03:32:43",7.94,2024-07-08
"272","07-08-2024_07:32:43",7.85,2024-07-08
"273","07-08-2024_11:32:43",7.85,2024-07-08
"274","07-08-2024_15:32:43",7.85,2024-07-08
"275","07-08-2024_19:32:43",7.85,2024-07-08
"276","07-08-2024_23:32:43",7.85,2024-07-08
"277","07-09-2024_03:32:43",7.85,2024-07-09
"278","07-09-2024_07:32:43",7.94,2024-07-09
"279","07-09-2024_11:32:43",7.94,2024-07-09
"280","07-09-2024_15:32:43",7.94,2024-07-09
"281","07-09-2024_19:32:43",8.03,2024-07-09
"282","07-09-2024_23:32:43",8.03,2024-07-09
"283","07-10-2024_03:32:43",7.94,2024-07-10
"284","07-10-2024_07:32:43",8.03,2024-07-10
"285","07-10-2024_11:32:43",8.03,2024-07-10
"286","07-10-2024_15:32:43",8.03,2024-07-10
"287","07-10-2024_19:32:43",8.03,2024-07-10
"288","07-10-2024_23:32:43",8.03,2024-07-10
"289","07-11-2024_03:32:43",7.94,2024-07-11
"290","07-11-2024_07:32:43",8.03,2024-07-11
"291","07-11-2024_11:32:43",8.28,2024-07-11
"292","07-11-2024_15:32:43",8.37,2024-07-11
"293","07-11-2024_19:32:43",8.37,2024-07-11
"294","07-11-2024_23:32:43",8.37,2024-07-11
"295","07-12-2024_03:32:43",8.45,2024-07-12
"296","07-12-2024_07:32:43",8.62,2024-07-12
"297","07-12-2024_11:32:43",8.71,2024-07-12
"298","07-12-2024_15:32:43",8.71,2024-07-12
"299","07-12-2024_19:32:43",8.71,2024-07-12
"300","07-12-2024_23:32:43",8.62,2024-07-12
"301","07-13-2024_03:32:43",8.62,2024-07-13
"302","07-13-2024_07:32:43",8.79,2024-07-13
"303","07-13-2024_11:32:43",8.54,2024-07-13
"304","07-13-2024_15:32:44",8.62,2024-07-13
"305","07-13-2024_19:32:44",8.79,2024-07-13
"306","07-13-2024_23:32:44",8.45,2024-07-13
"307","07-14-2024_03:32:44",8.62,2024-07-14
"308","07-14-2024_07:32:44",8.71,2024-07-14
"309","07-14-2024_11:32:44",8.54,2024-07-14
"310","07-14-2024_15:32:44",8.45,2024-07-14
"311","07-14-2024_19:32:44",8.45,2024-07-14
"312","07-14-2024_23:32:44",8.37,2024-07-14
"313","07-15-2024_03:32:44",8.37,2024-07-15
"314","07-15-2024_07:32:44",8.37,2024-07-15
"315","07-15-2024_11:32:44",8.37,2024-07-15
"316","07-15-2024_15:32:44",8.37,2024-07-15
"317","07-15-2024_19:32:44",8.37,2024-07-15
"318","07-15-2024_23:32:44",8.37,2024-07-15
"319","07-16-2024_03:32:44",8.37,2024-07-16
"320","07-16-2024_07:32:44",8.37,2024-07-16
"321","07-16-2024_11:32:44",8.37,2024-07-16
"322","07-16-2024_15:32:44",8.37,2024-07-16
"323","07-16-2024_19:32:44",8.37,2024-07-16
"324","07-16-2024_23:32:44",8.45,2024-07-16
"325","07-17-2024_03:32:44",8.45,2024-07-17
"326","07-17-2024_07:32:44",8.45,2024-07-17
"327","07-17-2024_11:32:44",8.45,2024-07-17
"328","07-17-2024_15:32:44",8.37,2024-07-17
"329","07-17-2024_19:32:44",8.45,2024-07-17
"330","07-17-2024_23:32:44",8.45,2024-07-17
"331","07-18-2024_03:32:44",8.45,2024-07-18
"332","07-18-2024_07:32:44",8.45,2024-07-18
"333","07-18-2024_11:32:44",8.37,2024-07-18
"334","07-18-2024_15:32:44",8.37,2024-07-18
"335","07-18-2024_19:32:44",8.28,2024-07-18
"336","07-18-2024_23:32:44",8.28,2024-07-18
"337","07-19-2024_03:32:44",8.2,2024-07-19
"338","07-19-2024_07:32:44",8.28,2024-07-19
"339","07-19-2024_11:32:44",8.28,2024-07-19
"340","07-19-2024_15:32:44",8.2,2024-07-19
"341","07-19-2024_19:32:44",8.11,2024-07-19
"342","07-19-2024_23:32:44",8.2,2024-07-19
"343","07-20-2024_03:32:44",8.2,2024-07-20
"344","07-20-2024_07:32:44",8.28,2024-07-20
"345","07-20-2024_11:32:44",8.28,2024-07-20
"346","07-20-2024_15:32:44",8.54,2024-07-20
"347","07-20-2024_19:32:44",8.54,2024-07-20
"348","07-20-2024_23:32:44",8.54,2024-07-20
"349","07-21-2024_03:32:44",8.45,2024-07-21
"350","07-21-2024_07:32:44",8.45,2024-07-21
"351","07-21-2024_11:32:44",8.45,2024-07-21
"352","07-21-2024_15:32:44",8.37,2024-07-21
"353","07-21-2024_19:32:44",8.37,2024-07-21
"354","07-21-2024_23:32:44",8.37,2024-07-21
"355","07-22-2024_03:32:44",8.37,2024-07-22
"356","07-22-2024_07:32:44",8.37,2024-07-22
"357","07-22-2024_11:32:44",8.37,2024-07-22
"358","07-22-2024_15:32:44",8.37,2024-07-22
"359","07-22-2024_19:32:44",8.37,2024-07-22
"360","07-22-2024_23:32:44",8.45,2024-07-22
"361","07-23-2024_03:32:44",8.45,2024-07-23
"362","07-23-2024_07:32:44",8.45,2024-07-23
"363","07-23-2024_11:32:44",8.45,2024-07-23
"364","07-23-2024_15:32:44",8.45,2024-07-23
"365","07-23-2024_19:32:44",8.37,2024-07-23
"366","07-23-2024_23:32:44",8.45,2024-07-23
"367","07-24-2024_03:32:44",8.54,2024-07-24
"368","07-24-2024_07:32:44",8.45,2024-07-24
"369","07-24-2024_11:32:44",8.54,2024-07-24
"370","07-24-2024_15:32:44",8.54,2024-07-24
"371","07-24-2024_19:32:44",8.54,2024-07-24
"372","07-24-2024_23:32:44",8.45,2024-07-24
"373","07-25-2024_03:32:44",8.54,2024-07-25
"374","07-25-2024_07:32:44",8.45,2024-07-25
"375","07-25-2024_11:32:45",8.11,2024-07-25
"376","07-25-2024_15:32:45",8.03,2024-07-25
"377","07-25-2024_19:32:45",8.28,2024-07-25
"378","07-25-2024_23:32:45",8.2,2024-07-25
"379","07-26-2024_03:32:45",7.94,2024-07-26
"380","07-26-2024_07:32:45",8.2,2024-07-26
"381","07-26-2024_11:32:45",8.2,2024-07-26
"382","07-26-2024_15:32:45",8.2,2024-07-26
"383","07-26-2024_19:32:45",8.28,2024-07-26
"384","07-26-2024_23:32:45",8.28,2024-07-26
"385","07-27-2024_03:32:45",8.2,2024-07-27
"386","07-27-2024_07:32:45",8.28,2024-07-27
"387","07-27-2024_11:32:45",8.2,2024-07-27
"388","07-27-2024_15:32:45",8.2,2024-07-27
"389","07-27-2024_19:32:45",8.28,2024-07-27
"390","07-27-2024_23:32:45",8.2,2024-07-27
"391","07-28-2024_03:32:45",8.28,2024-07-28
"392","07-28-2024_07:32:45",8.28,2024-07-28
"393","07-28-2024_11:32:45",8.37,2024-07-28
"394","07-28-2024_15:32:45",8.37,2024-07-28
"395","07-28-2024_19:32:45",8.37,2024-07-28
"396","07-28-2024_23:32:45",8.11,2024-07-28
"397","07-29-2024_03:32:45",8.11,2024-07-29
"398","07-29-2024_07:32:45",8.11,2024-07-29
"399","07-29-2024_11:32:45",8.11,2024-07-29
"400","07-29-2024_15:32:45",8.11,2024-07-29
"401","07-29-2024_19:32:45",8.11,2024-07-29
"402","07-29-2024_23:32:45",8.11,2024-07-29
"403","07-30-2024_03:32:45",8.11,2024-07-30
"404","07-30-2024_07:32:45",8.11,2024-07-30
"405","07-30-2024_11:32:45",8.37,2024-07-30
"406","07-30-2024_15:32:45",8.37,2024-07-30
"407","07-30-2024_19:32:45",8.54,2024-07-30
"408","07-30-2024_23:32:45",8.54,2024-07-30
"409","07-31-2024_03:32:45",8.45,2024-07-31
"410","07-31-2024_07:32:45",8.37,2024-07-31
"411","07-31-2024_11:32:45",8.37,2024-07-31
"412","07-31-2024_15:32:45",8.37,2024-07-31
"413","07-31-2024_19:32:45",8.45,2024-07-31
"414","07-31-2024_23:32:45",8.45,2024-07-31
"415","08-01-2024_03:32:45",8.37,2024-08-01
"416","08-01-2024_07:32:45",8.45,2024-08-01
"417","08-01-2024_11:32:45",8.37,2024-08-01
"418","08-01-2024_15:32:45",8.2,2024-08-01
"419","08-01-2024_19:32:45",8.28,2024-08-01
"420","08-01-2024_23:32:45",8.45,2024-08-01
"421","08-02-2024_03:32:45",8.37,2024-08-02
"422","08-02-2024_07:32:45",8.28,2024-08-02
"423","08-02-2024_11:32:45",8.37,2024-08-02
"424","08-02-2024_15:32:45",8.11,2024-08-02
"425","08-02-2024_19:32:45",8.28,2024-08-02
"426","08-02-2024_23:32:45",8.37,2024-08-02
"427","08-03-2024_03:32:45",8.37,2024-08-03
"428","08-03-2024_07:32:45",8.37,2024-08-03
"429","08-03-2024_11:32:45",8.28,2024-08-03
"430","08-03-2024_15:32:45",8.28,2024-08-03
"431","08-03-2024_19:32:45",8.28,2024-08-03
"432","08-03-2024_23:32:45",8.2,2024-08-03
"433","08-04-2024_03:32:45",8.37,2024-08-04
"434","08-04-2024_07:32:45",8.45,2024-08-04
"435","08-04-2024_11:32:45",8.45,2024-08-04
"436","08-04-2024_15:32:45",8.11,2024-08-04
"437","08-04-2024_19:32:45",7.77,2024-08-04
"438","08-04-2024_23:32:45",7.68,2024-08-04
"439","08-05-2024_03:32:45",7.85,2024-08-05
"440","08-05-2024_07:32:45",8.03,2024-08-05
"441","08-05-2024_11:32:45",8.03,2024-08-05
"442","08-05-2024_15:32:45",7.68,2024-08-05
"443","08-05-2024_19:32:45",7.68,2024-08-05
"444","08-05-2024_23:32:46",7.77,2024-08-05
"445","08-06-2024_03:32:46",7.85,2024-08-06
"446","08-06-2024_07:32:46",8.03,2024-08-06
"447","08-06-2024_11:32:46",8.11,2024-08-06
"448","08-06-2024_15:32:46",8.2,2024-08-06
"449","08-06-2024_19:32:46",8.11,2024-08-06
"450","08-06-2024_23:32:46",8.2,2024-08-06
"451","08-07-2024_03:32:46",8.2,2024-08-07
"452","08-07-2024_07:32:46",8.03,2024-08-07
"453","08-07-2024_11:32:46",8.2,2024-08-07
"454","08-07-2024_15:32:46",8.28,2024-08-07
"455","08-07-2024_19:32:46",8.11,2024-08-07
"456","08-07-2024_23:32:46",8.11,2024-08-07
"457","08-08-2024_03:32:46",8.03,2024-08-08
"458","08-08-2024_07:32:46",7.77,2024-08-08
"459","08-08-2024_11:32:46",7.68,2024-08-08
"460","08-08-2024_15:32:46",7.6,2024-08-08
"461","08-08-2024_19:32:46",7.42,2024-08-08
"462","08-08-2024_23:32:46",7.42,2024-08-08
"463","08-09-2024_03:32:46",7.42,2024-08-09
"464","08-09-2024_07:32:46",7.51,2024-08-09
"465","08-09-2024_11:32:46",7.6,2024-08-09
"466","08-09-2024_15:32:46",7.51,2024-08-09
"467","08-09-2024_19:32:46",7.68,2024-08-09
"468","08-09-2024_23:32:46",7.68,2024-08-09
"469","08-10-2024_03:32:46",7.77,2024-08-10
"470","08-10-2024_07:32:46",7.94,2024-08-10
"471","08-10-2024_11:32:46",7.85,2024-08-10
"472","08-10-2024_15:32:46",7.68,2024-08-10
"473","08-10-2024_19:32:46",7.68,2024-08-10
"474","08-10-2024_23:32:46",7.6,2024-08-10
"475","08-11-2024_03:32:46",7.42,2024-08-11
"476","08-11-2024_07:32:46",7.42,2024-08-11
"477","08-11-2024_11:32:46",7.42,2024-08-11
"478","08-11-2024_15:32:46",7.34,2024-08-11
"479","08-11-2024_19:32:46",7.42,2024-08-11
"480","08-11-2024_23:32:46",7.42,2024-08-11
"481","08-12-2024_03:32:46",7.6,2024-08-12
"482","08-12-2024_07:32:46",7.42,2024-08-12
"483","08-12-2024_11:32:46",7.42,2024-08-12
"484","08-12-2024_15:32:46",7.51,2024-08-12
"485","08-12-2024_19:32:46",7.51,2024-08-12
"486","08-12-2024_23:32:46",7.68,2024-08-12
"487","08-13-2024_03:32:46",7.68,2024-08-13
"488","08-13-2024_07:32:46",7.68,2024-08-13
"489","08-13-2024_11:32:46",7.77,2024-08-13
"490","08-13-2024_15:32:46",7.77,2024-08-13
"491","08-13-2024_19:32:46",7.77,2024-08-13
"492","08-13-2024_23:32:46",7.77,2024-08-13
"493","08-14-2024_03:32:46",7.85,2024-08-14
"494","08-14-2024_07:32:46",7.77,2024-08-14
"495","08-14-2024_11:32:46",7.85,2024-08-14
"496","08-14-2024_15:32:46",7.85,2024-08-14
"497","08-14-2024_19:32:46",7.85,2024-08-14
"498","08-14-2024_23:32:46",7.94,2024-08-14
"499","08-15-2024_03:32:46",8.03,2024-08-15
"500","08-15-2024_07:32:46",8.03,2024-08-15
"501","08-15-2024_11:32:46",8.2,2024-08-15
"502","08-15-2024_15:32:46",7.94,2024-08-15
"503","08-15-2024_19:32:46",7.94,2024-08-15
"504","08-15-2024_23:32:46",8.03,2024-08-15
"505","08-16-2024_03:32:46",8.03,2024-08-16
"506","08-16-2024_07:32:46",7.77,2024-08-16
"507","08-16-2024_11:32:46",7.77,2024-08-16
"508","08-16-2024_15:32:46",7.77,2024-08-16
"509","08-16-2024_19:32:46",7.77,2024-08-16
"510","08-16-2024_23:32:46",7.77,2024-08-16
"511","08-17-2024_03:32:46",7.77,2024-08-17
"512","08-17-2024_07:32:46",7.77,2024-08-17
"513","08-17-2024_11:32:46",7.85,2024-08-17
"514","08-17-2024_15:32:47",7.94,2024-08-17
"515","08-17-2024_19:32:47",7.94,2024-08-17
"516","08-17-2024_23:32:47",7.94,2024-08-17
"517","08-18-2024_03:32:47",7.94,2024-08-18
"518","08-18-2024_07:32:47",7.94,2024-08-18
"519","08-18-2024_11:32:47",7.94,2024-08-18
"520","08-18-2024_15:32:47",7.94,2024-08-18
"521","08-18-2024_19:32:47",7.94,2024-08-18
"522","08-18-2024_23:32:47",7.94,2024-08-18
"523","08-19-2024_03:32:47",7.94,2024-08-19
"524","08-19-2024_07:32:47",7.94,2024-08-19
"525","08-19-2024_11:32:47",7.94,2024-08-19
"526","08-19-2024_15:32:47",7.94,2024-08-19
"527","08-19-2024_19:32:47",7.94,2024-08-19
"528","08-19-2024_23:32:47",7.94,2024-08-19
"529","08-20-2024_03:32:47",7.94,2024-08-20
"530","08-20-2024_07:32:47",7.94,2024-08-20
"531","08-20-2024_11:32:47",7.94,2024-08-20
"532","08-20-2024_15:32:47",7.94,2024-08-20
"533","08-20-2024_19:32:47",8.03,2024-08-20
"534","08-20-2024_23:32:47",8.03,2024-08-20
"535","08-21-2024_03:32:47",8.03,2024-08-21
"536","08-21-2024_07:32:47",8.2,2024-08-21
"537","08-21-2024_11:32:47",8.11,2024-08-21
"538","08-21-2024_15:32:47",8.2,2024-08-21
"539","08-21-2024_19:32:47",8.37,2024-08-21
"540","08-21-2024_23:32:47",8.28,2024-08-21
"541","08-22-2024_03:32:47",8.37,2024-08-22
"542","08-22-2024_07:32:47",8.54,2024-08-22
"543","08-22-2024_11:32:47",8.62,2024-08-22
"544","08-22-2024_15:32:47",8.54,2024-08-22
"545","08-22-2024_19:32:47",8.62,2024-08-22
"546","08-22-2024_23:32:47",8.62,2024-08-22
"547","08-23-2024_03:32:47",8.62,2024-08-23
"548","08-23-2024_07:32:47",8.62,2024-08-23
"549","08-23-2024_11:32:47",8.71,2024-08-23
"550","08-23-2024_15:32:47",8.62,2024-08-23
"551","08-23-2024_19:32:47",8.62,2024-08-23
"552","08-23-2024_23:32:47",8.71,2024-08-23
"553","08-24-2024_03:32:47",8.71,2024-08-24
"554","08-24-2024_07:32:47",8.71,2024-08-24
"555","08-24-2024_11:32:47",8.71,2024-08-24
"556","08-24-2024_15:32:47",8.79,2024-08-24
"557","08-24-2024_19:32:47",8.71,2024-08-24
"558","08-24-2024_23:32:47",8.79,2024-08-24
"559","08-25-2024_03:32:47",8.71,2024-08-25
"560","08-25-2024_07:32:47",8.71,2024-08-25
"561","08-25-2024_11:32:47",8.71,2024-08-25
"562","08-25-2024_15:32:47",8.71,2024-08-25
"563","08-25-2024_19:32:47",8.71,2024-08-25
"564","08-25-2024_23:32:47",8.71,2024-08-25
"565","08-26-2024_03:32:47",8.71,2024-08-26
"566","08-26-2024_07:32:47",8.71,2024-08-26
"567","08-26-2024_11:32:47",8.71,2024-08-26
"568","08-26-2024_15:32:47",8.71,2024-08-26
"569","08-26-2024_19:32:47",8.71,2024-08-26
"570","08-26-2024_23:32:47",8.71,2024-08-26
"571","08-27-2024_03:32:47",8.71,2024-08-27
"572","08-27-2024_07:32:47",8.71,2024-08-27
"573","08-27-2024_11:32:47",8.71,2024-08-27
"574","08-27-2024_15:32:47",8.62,2024-08-27
"575","08-27-2024_19:32:47",8.71,2024-08-27
"576","08-27-2024_23:32:47",8.71,2024-08-27
"577","08-28-2024_03:32:47",8.71,2024-08-28
"578","08-28-2024_07:32:47",8.71,2024-08-28
"579","08-28-2024_11:32:47",8.71,2024-08-28
"580","08-28-2024_15:32:47",8.71,2024-08-28
"581","08-28-2024_19:32:47",8.71,2024-08-28
"582","08-28-2024_23:32:47",8.71,2024-08-28
"583","08-29-2024_03:32:47",8.71,2024-08-29
"584","08-29-2024_07:32:48",8.71,2024-08-29
"585","08-29-2024_11:32:48",8.71,2024-08-29
"586","08-29-2024_15:32:48",8.71,2024-08-29
"587","08-29-2024_19:32:48",8.71,2024-08-29
"588","08-29-2024_23:32:48",8.79,2024-08-29
"589","08-30-2024_03:32:48",8.79,2024-08-30
"590","08-30-2024_07:32:48",8.71,2024-08-30
"591","08-30-2024_11:32:48",8.62,2024-08-30
"592","08-30-2024_15:32:48",8.71,2024-08-30
"593","08-30-2024_19:32:48",8.62,2024-08-30
"594","08-30-2024_23:32:48",8.71,2024-08-30
"595","08-31-2024_03:32:48",8.79,2024-08-31
"596","08-31-2024_07:32:48",8.71,2024-08-31
"597","08-31-2024_11:32:48",8.79,2024-08-31
"598","08-31-2024_15:32:48",8.79,2024-08-31
"599","08-31-2024_19:32:48",8.79,2024-08-31
"600","08-31-2024_23:32:48",8.71,2024-08-31
"601","09-01-2024_03:32:48",8.79,2024-09-01
"602","09-01-2024_07:32:48",8.79,2024-09-01
"603","09-01-2024_11:32:48",8.79,2024-09-01
"604","09-01-2024_15:32:48",8.79,2024-09-01
"605","09-01-2024_19:32:48",8.79,2024-09-01
"606","09-01-2024_23:32:48",8.79,2024-09-01
"607","09-02-2024_03:32:48",8.88,2024-09-02
"608","09-02-2024_07:32:48",8.88,2024-09-02
"609","09-02-2024_11:32:48",8.96,2024-09-02
"610","09-02-2024_15:32:48",8.96,2024-09-02
"611","09-02-2024_19:32:48",8.96,2024-09-02
"612","09-02-2024_23:32:48",8.96,2024-09-02
"613","09-03-2024_03:32:48",8.88,2024-09-03
"614","09-03-2024_07:32:48",8.79,2024-09-03
"615","09-03-2024_11:32:48",8.88,2024-09-03
"616","09-03-2024_15:32:48",8.96,2024-09-03
"617","09-03-2024_19:32:48",9.3,2024-09-03
"618","09-03-2024_23:32:48",9.22,2024-09-03
"619","09-04-2024_03:32:48",9.39,2024-09-04
"620","09-04-2024_07:32:48",9.73,2024-09-04
"621","09-04-2024_11:32:48",9.73,2024-09-04
"622","09-04-2024_15:32:48",9.81,2024-09-04
"623","09-04-2024_19:32:48",9.9,2024-09-04
"624","09-04-2024_23:32:48",9.73,2024-09-04
"625","09-05-2024_03:32:48",9.9,2024-09-05
"626","09-05-2024_07:32:48",9.98,2024-09-05
"627","09-05-2024_11:32:48",9.98,2024-09-05
"628","09-05-2024_15:32:48",9.98,2024-09-05
"629","09-05-2024_19:32:48",10.23,2024-09-05
"630","09-05-2024_23:32:48",9.73,2024-09-05
"631","09-06-2024_03:32:48",9.73,2024-09-06
"632","09-06-2024_07:32:48",10.06,2024-09-06
"633","09-06-2024_11:32:48",9.9,2024-09-06
"634","09-06-2024_15:32:48",9.73,2024-09-06
"635","09-06-2024_19:32:48",9.81,2024-09-06
"636","09-06-2024_23:32:48",9.73,2024-09-06
"637","09-07-2024_03:32:48",9.64,2024-09-07
"638","09-07-2024_07:32:48",9.64,2024-09-07
"639","09-07-2024_11:32:48",9.64,2024-09-07
"640","09-07-2024_15:32:48",9.64,2024-09-07
"641","09-07-2024_19:32:48",9.64,2024-09-07
"642","09-07-2024_23:32:48",9.64,2024-09-07
"643","09-08-2024_03:32:48",9.64,2024-09-08
"644","09-08-2024_07:32:48",9.73,2024-09-08
"645","09-08-2024_11:32:48",9.81,2024-09-08
"646","09-08-2024_15:32:48",9.9,2024-09-08
"647","09-08-2024_19:32:48",10.06,2024-09-08
"648","09-08-2024_23:32:48",10.15,2024-09-08
"649","09-09-2024_03:32:48",10.15,2024-09-09
"650","09-09-2024_07:32:48",10.32,2024-09-09
"651","09-09-2024_11:32:48",10.23,2024-09-09
"652","09-09-2024_15:32:48",10.15,2024-09-09
"653","09-09-2024_19:32:48",10.06,2024-09-09
"654","09-09-2024_23:32:48",9.98,2024-09-09
"655","09-10-2024_03:32:48",9.98,2024-09-10
"656","09-10-2024_07:32:48",9.98,2024-09-10
"657","09-10-2024_11:32:48",9.9,2024-09-10
"658","09-10-2024_15:32:49",9.73,2024-09-10
"659","09-10-2024_19:32:49",9.64,2024-09-10
"660","09-10-2024_23:32:49",9.64,2024-09-10
"661","09-11-2024_03:32:49",9.56,2024-09-11
"662","09-11-2024_07:32:49",9.47,2024-09-11
"663","09-11-2024_11:32:49",9.56,2024-09-11
"664","09-11-2024_15:32:49",9.39,2024-09-11
"665","09-11-2024_19:32:49",9.39,2024-09-11
"666","09-11-2024_23:32:49",9.47,2024-09-11
"667","09-12-2024_03:32:49",9.47,2024-09-12
"668","09-12-2024_07:32:49",9.47,2024-09-12
"669","09-12-2024_11:32:49",9.64,2024-09-12
"670","09-12-2024_15:32:49",9.64,2024-09-12
"671","09-12-2024_19:32:49",9.64,2024-09-12
"672","09-12-2024_23:32:49",9.73,2024-09-12
"673","09-13-2024_03:32:49",9.81,2024-09-13
"674","09-13-2024_07:32:49",9.9,2024-09-13
"675","09-13-2024_11:32:49",9.98,2024-09-13
"676","09-13-2024_15:32:49",9.98,2024-09-13
"677","09-13-2024_19:32:49",9.98,2024-09-13
"678","09-13-2024_23:32:49",10.15,2024-09-13
"679","09-14-2024_03:32:49",10.23,2024-09-14
"680","09-14-2024_07:32:49",10.15,2024-09-14
"681","09-14-2024_11:32:49",10.23,2024-09-14
"682","09-14-2024_15:32:49",10.32,2024-09-14
"683","09-14-2024_19:32:49",10.32,2024-09-14
"684","09-14-2024_23:32:49",10.4,2024-09-14
"685","09-15-2024_03:32:49",10.49,2024-09-15
"686","09-15-2024_07:32:49",10.4,2024-09-15
"687","09-15-2024_11:32:49",10.49,2024-09-15
"688","09-15-2024_15:32:49",10.74,2024-09-15
"689","09-15-2024_19:32:49",10.65,2024-09-15
"690","09-15-2024_23:32:49",10.82,2024-09-15
"691","09-16-2024_03:32:49",11.16,2024-09-16
"692","09-16-2024_07:32:49",11.32,2024-09-16
"693","09-16-2024_11:32:49",11.74,2024-09-16
"694","09-16-2024_15:32:49",13.65,2024-09-16
"695","09-16-2024_19:32:49",13.9,2024-09-16
"696","09-16-2024_23:32:49",14.06,2024-09-16
"697","09-17-2024_03:32:49",14.97,2024-09-17
"698","09-17-2024_07:32:49",14.48,2024-09-17
"699","09-17-2024_11:32:49",13.65,2024-09-17
"700","09-17-2024_15:32:49",14.15,2024-09-17
"701","09-17-2024_19:32:49",14.15,2024-09-17
"702","09-17-2024_23:32:49",14.06,2024-09-17
"703","09-18-2024_03:32:49",14.48,2024-09-18
"704","09-18-2024_07:32:49",14.72,2024-09-18
"705","09-18-2024_11:32:49",13.65,2024-09-18
"706","09-18-2024_15:32:49",13.82,2024-09-18
"707","09-18-2024_19:32:49",13.9,2024-09-18
"708","09-18-2024_23:32:49",13.73,2024-09-18
"709","09-19-2024_03:32:49",13.82,2024-09-19
"710","09-19-2024_07:32:49",14.39,2024-09-19
"711","09-19-2024_11:32:49",14.31,2024-09-19
"712","09-19-2024_15:32:49",14.56,2024-09-19
"713","09-19-2024_19:32:49",15.05,2024-09-19
"714","09-19-2024_23:32:49",15.14,2024-09-19
"715","09-20-2024_03:32:49",15.38,2024-09-20
"716","09-20-2024_07:32:49",16.46,2024-09-20
"717","09-20-2024_11:32:49",16.37,2024-09-20
"718","09-20-2024_15:32:49",17.36,2024-09-20
"719","09-20-2024_19:32:49",18.93,2024-09-20
"720","09-20-2024_23:32:49",18.77,2024-09-20
"721","09-21-2024_03:32:49",19.18,2024-09-21
"722","09-21-2024_07:32:49",19.35,2024-09-21
"723","09-21-2024_11:32:49",19.43,2024-09-21
"724","09-21-2024_15:32:49",19.43,2024-09-21
"725","09-21-2024_19:32:49",19.51,2024-09-21
"726","09-21-2024_23:32:49",19.6,2024-09-21
"727","09-22-2024_03:32:49",19.51,2024-09-22
"728","09-22-2024_07:32:50",19.6,2024-09-22
"729","09-22-2024_11:32:50",19.51,2024-09-22
"730","09-22-2024_15:32:50",19.35,2024-09-22
"731","09-22-2024_19:32:50",19.35,2024-09-22
"732","09-22-2024_23:32:50",19.51,2024-09-22
"733","09-23-2024_03:32:50",19.35,2024-09-23
"734","09-23-2024_07:32:50",19.43,2024-09-23
"735","09-23-2024_11:32:50",19.35,2024-09-23
"736","09-23-2024_15:32:50",19.27,2024-09-23
"737","09-23-2024_19:32:50",19.1,2024-09-23
"738","09-23-2024_23:32:50",19.1,2024-09-23
"739","09-24-2024_03:32:50",18.93,2024-09-24
"740","09-24-2024_07:32:50",18.85,2024-09-24
"741","09-24-2024_11:32:50",18.85,2024-09-24
"742","09-24-2024_15:32:50",18.93,2024-09-24
"743","09-24-2024_19:32:50",19.02,2024-09-24
"744","09-24-2024_23:32:50",19.35,2024-09-24
"745","09-25-2024_03:32:50",19.18,2024-09-25
"746","09-25-2024_07:32:50",19.18,2024-09-25
"747","09-25-2024_11:32:50",19.27,2024-09-25
"748","09-25-2024_15:32:50",19.1,2024-09-25
"749","09-25-2024_19:32:50",19.35,2024-09-25
"750","09-25-2024_23:32:50",19.35,2024-09-25
"751","09-26-2024_03:32:50",19.27,2024-09-26
"752","09-26-2024_07:32:50",19.18,2024-09-26
"753","09-26-2024_11:32:50",19.1,2024-09-26
"754","09-26-2024_15:32:50",19.27,2024-09-26
"755","09-26-2024_19:32:50",18.69,2024-09-26
"756","09-26-2024_23:32:50",18.93,2024-09-26
"757","09-27-2024_03:32:50",19.02,2024-09-27
"758","09-27-2024_07:32:50",19.27,2024-09-27
"759","09-27-2024_11:32:50",19.1,2024-09-27
"760","09-27-2024_15:32:50",19.35,2024-09-27
"761","09-27-2024_19:32:50",19.68,2024-09-27
"762","09-27-2024_23:32:50",19.93,2024-09-27
"763","09-28-2024_03:32:50",19.93,2024-09-28
"764","09-28-2024_07:32:50",19.93,2024-09-28
"765","09-28-2024_11:32:50",20.01,2024-09-28
"766","09-28-2024_15:32:50",20.1,2024-09-28
"767","09-28-2024_19:32:50",20.1,2024-09-28
"768","09-28-2024_23:32:50",20.18,2024-09-28
"769","09-29-2024_03:32:50",20.1,2024-09-29
"770","09-29-2024_07:32:50",20.18,2024-09-29
"771","09-29-2024_11:32:50",20.1,2024-09-29
"772","09-29-2024_15:32:50",19.68,2024-09-29
"773","09-29-2024_19:32:50",19.6,2024-09-29
"774","09-29-2024_23:32:50",19.68,2024-09-29
"775","09-30-2024_03:32:50",19.51,2024-09-30
"776","09-30-2024_07:32:50",19.35,2024-09-30
"777","09-30-2024_11:32:50",19.6,2024-09-30
"778","09-30-2024_15:32:50",19.27,2024-09-30
"779","09-30-2024_19:32:50",19.18,2024-09-30
"780","09-30-2024_23:32:50",19.27,2024-09-30
"781","10-01-2024_03:32:50",19.18,2024-10-01
"782","10-01-2024_07:32:50",19.18,2024-10-01
"783","10-01-2024_11:32:50",19.1,2024-10-01
"784","10-01-2024_15:32:50",19.27,2024-10-01
"785","10-01-2024_19:32:50",19.27,2024-10-01
"786","10-01-2024_23:32:50",19.35,2024-10-01
"787","10-02-2024_03:32:50",19.27,2024-10-02
"788","10-02-2024_07:32:50",19.1,2024-10-02
"789","10-02-2024_11:32:50",19.02,2024-10-02
"790","10-02-2024_15:32:50",19.02,2024-10-02
"791","10-02-2024_19:32:50",19.02,2024-10-02
"792","10-02-2024_23:32:50",19.27,2024-10-02
"793","10-03-2024_03:32:50",19.35,2024-10-03
"794","10-03-2024_07:32:50",19.51,2024-10-03
"795","10-03-2024_11:32:50",19.27,2024-10-03
"796","10-03-2024_15:32:50",19.27,2024-10-03
"797","10-03-2024_19:32:50",19.18,2024-10-03
"798","10-03-2024_23:32:50",19.35,2024-10-03
"799","10-04-2024_03:32:50",19.27,2024-10-04
"800","10-04-2024_07:32:50",19.27,2024-10-04
"801","10-04-2024_11:32:50",19.27,2024-10-04
"802","10-04-2024_15:32:50",19.27,2024-10-04
"803","10-04-2024_19:32:51",19.27,2024-10-04
"804","10-04-2024_23:32:51",19.27,2024-10-04
"805","10-05-2024_03:32:51",19.1,2024-10-05
"806","10-05-2024_07:32:51",19.1,2024-10-05
"807","10-05-2024_11:32:51",19.1,2024-10-05
"808","10-05-2024_15:32:51",19.1,2024-10-05
"809","10-05-2024_19:32:51",19.02,2024-10-05
"810","10-05-2024_23:32:51",18.93,2024-10-05
"811","10-06-2024_03:32:51",18.93,2024-10-06
"812","10-06-2024_07:32:51",19.1,2024-10-06
"813","10-06-2024_11:32:51",18.93,2024-10-06
"814","10-06-2024_15:32:51",19.02,2024-10-06
"815","10-06-2024_19:32:51",19.02,2024-10-06
"816","10-06-2024_23:32:51",19.1,2024-10-06
"817","10-07-2024_03:32:51",19.18,2024-10-07
"818","10-07-2024_07:32:51",19.02,2024-10-07
"819","10-07-2024_11:32:51",19.27,2024-10-07
"820","10-07-2024_15:32:51",19.18,2024-10-07
"821","10-07-2024_19:32:51",19.18,2024-10-07
"822","10-07-2024_23:32:51",19.43,2024-10-07
"823","10-08-2024_03:32:51",19.68,2024-10-08
"824","10-08-2024_07:32:51",19.68,2024-10-08
"825","10-08-2024_11:32:51",19.6,2024-10-08
"826","10-08-2024_15:32:51",19.18,2024-10-08
"827","10-08-2024_19:32:51",19.51,2024-10-08
"828","10-08-2024_23:32:51",19.6,2024-10-08
"829","10-09-2024_03:32:51",18.93,2024-10-09
"830","10-09-2024_07:32:51",19.27,2024-10-09
"831","10-09-2024_11:32:51",18.77,2024-10-09
"832","10-09-2024_15:32:51",18.44,2024-10-09
"833","10-09-2024_19:32:51",18.44,2024-10-09
"834","10-09-2024_23:32:51",18.44,2024-10-09
"835","10-10-2024_03:32:51",17.78,2024-10-10
"836","10-10-2024_07:32:51",17.2,2024-10-10
"837","10-10-2024_11:32:51",17.53,2024-10-10
"838","10-10-2024_15:32:51",17.45,2024-10-10
"839","10-10-2024_19:32:51",17.53,2024-10-10
"840","10-10-2024_23:32:51",17.86,2024-10-10
"841","10-11-2024_03:32:51",17.94,2024-10-11
"842","10-11-2024_07:32:51",18.36,2024-10-11
"843","10-11-2024_11:32:51",18.69,2024-10-11
"844","10-11-2024_15:32:51",18.85,2024-10-11
"845","10-11-2024_19:32:51",19.02,2024-10-11
"846","10-11-2024_23:32:51",18.77,2024-10-11
"847","10-12-2024_03:32:51",19.02,2024-10-12
"848","10-12-2024_07:32:51",19.02,2024-10-12
"849","10-12-2024_11:32:51",19.02,2024-10-12
"850","10-12-2024_15:32:51",19.02,2024-10-12
"851","10-12-2024_19:32:51",18.93,2024-10-12
"852","10-12-2024_23:32:51",18.77,2024-10-12
"853","10-13-2024_03:32:51",18.36,2024-10-13
"854","10-13-2024_07:32:51",17.94,2024-10-13
"855","10-13-2024_11:32:51",17.45,2024-10-13
"856","10-13-2024_15:32:51",16.95,2024-10-13
"857","10-13-2024_19:32:51",16.87,2024-10-13
"858","10-13-2024_23:32:51",16.79,2024-10-13
"859","10-14-2024_03:32:51",16.95,2024-10-14
"860","10-14-2024_07:32:51",18.69,2024-10-14
"861","10-14-2024_11:32:51",18.6,2024-10-14
"862","10-14-2024_15:32:51",18.6,2024-10-14
"863","10-14-2024_19:32:51",18.44,2024-10-14
"864","10-14-2024_23:32:51",18.02,2024-10-14
"865","10-15-2024_03:32:51",17.12,2024-10-15
"866","10-15-2024_07:32:51",14.81,2024-10-15
"867","10-15-2024_11:32:51",14.06,2024-10-15
"868","10-15-2024_15:32:51",15.05,2024-10-15
"869","10-15-2024_19:32:51",14.56,2024-10-15
"870","10-15-2024_23:32:51",14.64,2024-10-15
"871","10-16-2024_03:32:51",16.29,2024-10-16
"872","10-16-2024_07:32:51",16.46,2024-10-16
"873","10-16-2024_11:32:52",16.29,2024-10-16
"874","10-16-2024_15:32:52",18.19,2024-10-16
"875","10-16-2024_19:32:52",18.11,2024-10-16
"876","10-16-2024_23:32:52",18.19,2024-10-16
"877","10-17-2024_03:32:52",18.27,2024-10-17
"878","10-17-2024_07:32:52",17.2,2024-10-17
"879","10-17-2024_11:32:52",16.7,2024-10-17
"880","10-17-2024_15:32:52",16.37,2024-10-17
"881","10-17-2024_19:32:52",17.36,2024-10-17
"882","10-17-2024_23:32:52",17.61,2024-10-17
"883","10-18-2024_03:32:52",17.53,2024-10-18
"884","10-18-2024_07:32:52",17.61,2024-10-18
"885","10-18-2024_11:32:52",17.61,2024-10-18
"886","10-18-2024_15:32:52",17.36,2024-10-18
"887","10-18-2024_19:32:52",17.45,2024-10-18
"888","10-18-2024_23:32:52",17.61,2024-10-18
"889","10-19-2024_03:32:52",17.61,2024-10-19
"890","10-19-2024_07:32:52",17.45,2024-10-19
"891","10-19-2024_11:32:52",17.45,2024-10-19
"892","10-19-2024_15:32:52",17.28,2024-10-19
"893","10-19-2024_19:32:52",17.28,2024-10-19
"894","10-19-2024_23:32:52",17.28,2024-10-19
"895","10-20-2024_03:32:52",17.28,2024-10-20
"896","10-20-2024_07:32:52",17.28,2024-10-20
"897","10-20-2024_11:32:52",17.28,2024-10-20
"898","10-20-2024_15:32:52",17.2,2024-10-20
"899","10-20-2024_19:32:52",17.2,2024-10-20
"900","10-20-2024_23:32:52",17.2,2024-10-20
"901","10-21-2024_03:32:52",17.2,2024-10-21
"902","10-21-2024_07:32:52",17.2,2024-10-21
"903","10-21-2024_11:32:52",17.2,2024-10-21
"904","10-21-2024_15:32:52",16.95,2024-10-21
"905","10-21-2024_19:32:52",17.03,2024-10-21
"906","10-21-2024_23:32:52",16.95,2024-10-21
"907","10-22-2024_03:32:52",16.79,2024-10-22
"908","10-22-2024_07:32:52",16.79,2024-10-22
"909","10-22-2024_11:32:52",16.79,2024-10-22
"910","10-22-2024_15:32:52",16.79,2024-10-22
"911","10-22-2024_19:32:52",16.79,2024-10-22
"912","10-22-2024_23:32:52",16.87,2024-10-22
"913","10-23-2024_03:32:52",16.79,2024-10-23
"914","10-23-2024_07:32:52",16.79,2024-10-23
"915","10-23-2024_11:32:52",16.79,2024-10-23
"916","10-23-2024_15:32:52",16.79,2024-10-23
"917","10-23-2024_19:32:52",16.79,2024-10-23
"918","10-23-2024_23:32:52",16.95,2024-10-23
"919","10-24-2024_03:32:52",16.87,2024-10-24
"920","10-24-2024_07:32:52",16.95,2024-10-24
"921","10-24-2024_11:32:52",16.87,2024-10-24
"922","10-24-2024_15:32:52",16.79,2024-10-24
"923","10-24-2024_19:32:52",16.79,2024-10-24
"924","10-24-2024_23:32:52",16.79,2024-10-24
"925","10-25-2024_03:32:52",16.95,2024-10-25
"926","10-25-2024_07:32:52",16.95,2024-10-25
"927","10-25-2024_11:32:52",17.03,2024-10-25
"928","10-25-2024_15:32:52",16.95,2024-10-25
"929","10-25-2024_19:32:52",16.95,2024-10-25
"930","10-25-2024_23:32:52",17.03,2024-10-25
"931","10-26-2024_03:32:52",16.95,2024-10-26
"932","10-26-2024_07:32:52",16.95,2024-10-26
"933","10-26-2024_11:32:52",16.95,2024-10-26
"934","10-26-2024_15:32:52",16.95,2024-10-26
"935","10-26-2024_19:32:52",16.87,2024-10-26
"936","10-26-2024_23:32:52",16.87,2024-10-26
"937","10-27-2024_03:32:52",16.95,2024-10-27
"938","10-27-2024_07:32:52",16.87,2024-10-27
"939","10-27-2024_11:32:52",16.87,2024-10-27
"940","10-27-2024_15:32:52",16.87,2024-10-27
"941","10-27-2024_19:32:52",16.87,2024-10-27
"942","10-27-2024_23:32:52",16.79,2024-10-27
"943","10-28-2024_03:32:52",16.62,2024-10-28
"944","10-28-2024_07:32:52",16.79,2024-10-28
"945","10-28-2024_11:32:52",16.79,2024-10-28
"946","10-28-2024_15:32:53",16.79,2024-10-28
"947","10-28-2024_19:32:53",16.79,2024-10-28
"948","10-28-2024_23:32:53",16.62,2024-10-28
"949","10-29-2024_03:32:53",16.62,2024-10-29
"950","10-29-2024_07:32:53",16.54,2024-10-29
"951","10-29-2024_11:32:53",16.46,2024-10-29
"952","10-29-2024_15:32:53",16.46,2024-10-29
"953","10-29-2024_19:32:53",16.29,2024-10-29
"954","10-29-2024_23:32:53",16.13,2024-10-29
"955","10-30-2024_03:32:53",16.29,2024-10-30
"956","10-30-2024_07:32:53",16.21,2024-10-30
"957","10-30-2024_11:32:53",16.13,2024-10-30
"958","10-30-2024_15:32:53",16.37,2024-10-30
"959","10-30-2024_19:32:53",16.29,2024-10-30
"960","10-30-2024_23:32:53",16.21,2024-10-30
"961","10-31-2024_03:32:53",16.37,2024-10-31
"962","10-31-2024_07:32:53",16.21,2024-10-31
"963","10-31-2024_11:32:53",16.21,2024-10-31
"964","10-31-2024_15:32:53",16.21,2024-10-31
"965","10-31-2024_19:32:53",16.21,2024-10-31
"966","10-31-2024_23:32:53",16.04,2024-10-31
"967","11-01-2024_03:32:53",15.96,2024-11-01
"968","11-01-2024_07:32:53",15.96,2024-11-01
"969","11-01-2024_11:32:53",15.96,2024-11-01
"970","11-01-2024_15:32:53",16.04,2024-11-01
"971","11-01-2024_19:32:53",16.04,2024-11-01
"972","11-01-2024_23:32:53",16.21,2024-11-01
"973","11-02-2024_03:32:53",16.29,2024-11-02
"974","11-02-2024_07:32:53",16.29,2024-11-02
"975","11-02-2024_11:32:53",16.29,2024-11-02
"976","11-02-2024_15:32:53",16.21,2024-11-02
"977","11-02-2024_19:32:53",16.04,2024-11-02
"978","11-02-2024_23:32:53",16.04,2024-11-02
"979","11-03-2024_03:32:53",16.13,2024-11-03
"980","11-03-2024_07:32:53",16.29,2024-11-03
"981","11-03-2024_11:32:53",16.29,2024-11-03
"982","11-03-2024_15:32:53",16.29,2024-11-03
"983","11-03-2024_19:32:53",16.21,2024-11-03
"984","11-03-2024_23:32:53",16.13,2024-11-03
"985","11-04-2024_03:32:53",16.04,2024-11-04
"986","11-04-2024_07:32:53",16.13,2024-11-04
"987","11-04-2024_11:32:53",16.13,2024-11-04
"988","11-04-2024_15:32:53",16.13,2024-11-04
"989","11-04-2024_19:32:53",16.21,2024-11-04
"990","11-04-2024_23:32:53",16.21,2024-11-04
"991","11-05-2024_03:32:53",16.21,2024-11-05
"992","11-05-2024_07:32:53",16.21,2024-11-05
"993","11-05-2024_11:32:53",16.21,2024-11-05
"994","11-05-2024_15:32:53",16.21,2024-11-05
"995","11-05-2024_19:32:53",16.21,2024-11-05
"996","11-05-2024_23:32:53",16.21,2024-11-05
"997","11-06-2024_03:32:53",16.13,2024-11-06
"998","11-06-2024_07:32:53",16.13,2024-11-06
"999","11-06-2024_11:32:53",16.13,2024-11-06
"1000","11-06-2024_15:32:53",16.13,2024-11-06
"1001","11-06-2024_19:32:53",16.13,2024-11-06
"1002","11-06-2024_23:32:53",16.21,2024-11-06
"1003","11-07-2024_03:32:53",16.21,2024-11-07
"1004","11-07-2024_07:32:53",16.13,2024-11-07
"1005","11-07-2024_11:32:53",16.13,2024-11-07
"1006","11-07-2024_15:32:53",16.13,2024-11-07
"1007","11-07-2024_19:32:53",16.13,2024-11-07
"1008","11-07-2024_23:32:53",16.13,2024-11-07
